{"cameraMode":{"drawMode":0,"name":"Shaded","section":"Shading Mode"},"sceneLighting":true,"audioPlay":false,"sceneViewState":{"showFog":true,"showMaterialUpdate":false,"showSkybox":true,"showFlares":true,"showImageEffects":true,"showParticleSystems":true},"in2DMode":false,"pivot":{"x":9.433741569519043,"y":0.5733392834663391,"z":-9.860820770263672},"rotation":{"x":0.5455805659294128,"y":-0.1651967614889145,"z":0.11805575340986252,"w":0.8134288787841797},"size":1.9320088624954224,"orthographic":true}