{"cameraMode":{"drawMode":0,"name":"Shaded","section":"Shading Mode"},"sceneLighting":true,"audioPlay":false,"sceneViewState":{"showFog":true,"showMaterialUpdate":false,"showSkybox":true,"showFlares":true,"showImageEffects":true,"showParticleSystems":true},"in2DMode":false,"pivot":{"x":6.814441680908203,"y":1.0513088703155518,"z":-11.66311264038086},"rotation":{"x":-0.10463215410709381,"y":-0.6333721876144409,"z":0.07932174950838089,"w":-0.7629693150520325},"size":4.9530134201049809,"orthographic":true}