{"cameraMode":{"drawMode":0,"name":"Shaded","section":"Shading Mode"},"sceneLighting":true,"audioPlay":false,"sceneViewState":{"showFog":true,"showMaterialUpdate":false,"showSkybox":true,"showFlares":true,"showImageEffects":true,"showParticleSystems":true},"in2DMode":false,"pivot":{"x":4.463598251342773,"y":4.500465393066406,"z":-13.480867385864258},"rotation":{"x":-0.1312667727470398,"y":0.16593828797340394,"z":-0.028257576748728753,"w":-0.9771967530250549},"size":11.286144256591797,"orthographic":true}