{"cameraMode":{"drawMode":0,"name":"Shaded","section":"Shading Mode"},"sceneLighting":true,"audioPlay":false,"sceneViewState":{"showFog":true,"showMaterialUpdate":false,"showSkybox":true,"showFlares":true,"showImageEffects":true,"showParticleSystems":true},"in2DMode":false,"pivot":{"x":-4.254709243774414,"y":1.5302808284759522,"z":5.73399543762207},"rotation":{"x":-0.4108549654483795,"y":0.1286613941192627,"z":-0.06486938893795014,"w":-0.9005585312843323},"size":4.034561634063721,"orthographic":true}