{"cameraMode":{"drawMode":0,"name":"Shaded","section":"Shading Mode"},"sceneLighting":true,"audioPlay":false,"sceneViewState":{"showFog":true,"showMaterialUpdate":false,"showSkybox":true,"showFlares":true,"showImageEffects":true,"showParticleSystems":true},"in2DMode":false,"pivot":{"x":4.795112609863281,"y":2.003721237182617,"z":7.2288031578063969},"rotation":{"x":-0.19706177711486817,"y":0.07429471611976624,"z":-0.020577771589159967,"w":-0.9776466488838196},"size":15.348877906799317,"orthographic":true}