{"cameraMode":{"drawMode":0,"name":"Shaded","section":"Shading Mode"},"sceneLighting":false,"audioPlay":false,"sceneViewState":{"showFog":true,"showMaterialUpdate":false,"showSkybox":false,"showFlares":true,"showImageEffects":true,"showParticleSystems":true},"in2DMode":false,"pivot":{"x":-8.329999923706055,"y":0.6551928520202637,"z":-8.149999618530274},"rotation":{"x":-0.21305030584335328,"y":-0.17227429151535035,"z":0.03206576406955719,"w":-0.9614492654800415},"size":4.225217342376709,"orthographic":true}